date,pollutant,value_column
2023-01-01 04:00:00,PM10,137.2824539740751
2023-01-01 19:00:00,PM2.5,86.59821863819947
2023-01-01 20:00:00,SO2,6.249935690387597
2023-01-02 06:00:00,SO2,26.967505537308426
2023-01-02 08:00:00,PM10,89.50864230075014
2023-01-02 18:00:00,PM10,114.46022093623503
2023-01-03 06:00:00,PM2.5,27.28069928340032
2023-01-03 16:00:00,PM2.5,77.14461163491947
2023-01-04 14:00:00,CO,0.12282728918515806
2023-01-04 20:00:00,PM2.5,81.26159572638899
2023-01-05 04:00:00,CO,0.7915100542486334
2023-01-06 22:00:00,PM10,112.7976424792797
2023-01-07 06:00:00,SO2,5.174182047809411
2023-01-07 07:00:00,NO2,7.907412857673343
2023-01-07 16:00:00,SO2,16.58390054175757
2023-01-08 07:00:00,NO2,21.224588137575378
2023-01-08 12:00:00,SO2,19.51813542769486
2023-01-08 16:00:00,SO2,21.847384196988006
2023-01-09 08:00:00,PM10,23.287155200895093
2023-01-09 16:00:00,PM10,31.45599978061217
2023-01-09 22:00:00,CO,0.3575660412235384
2023-01-10 09:00:00,CO,0.23574215375187407
2023-01-10 09:00:00,SO2,14.987415300374417
2023-01-10 10:00:00,NO2,20.846657936917936
2023-01-10 18:00:00,PM2.5,81.26097327254524
2023-01-10 19:00:00,PM10,43.55511729017948
2023-01-11 09:00:00,SO2,9.152503916551495
2023-01-12 01:00:00,SO2,17.06831897764405
2023-01-12 01:00:00,O3,35.633620344906326
2023-01-12 08:00:00,NO2,16.124319694461878
2023-01-12 09:00:00,O3,25.91578643796128
2023-01-12 16:00:00,PM2.5,47.86594066726508
2023-01-13 00:00:00,SO2,12.124420542515637
2023-01-13 03:00:00,PM2.5,57.4965276057916
2023-01-13 07:00:00,PM10,149.33459170807407
2023-01-13 14:00:00,CO,1.6727229886237789
2023-01-13 18:00:00,O3,12.05524477678646
2023-01-13 22:00:00,CO,1.4308945405291205
2023-01-13 23:00:00,PM10,57.32205707364023
2023-01-14 07:00:00,CO,0.9800891253483375
2023-01-15 03:00:00,O3,67.99136558173211
2023-01-15 08:00:00,O3,44.49666459976262
2023-01-16 11:00:00,PM2.5,82.72782150733204
2023-01-16 13:00:00,CO,0.36904497144002824
2023-01-16 21:00:00,SO2,12.694641305768357
2023-01-18 10:00:00,PM10,40.29751766107436
2023-01-18 15:00:00,PM10,141.03182729286408
2023-01-19 06:00:00,SO2,10.300375484204888
2023-01-20 04:00:00,CO,0.5923185646747012
2023-01-20 09:00:00,SO2,24.433470621627006
2023-01-21 00:00:00,SO2,16.3538903122138
2023-01-21 04:00:00,NO2,9.827385690485823
2023-01-21 07:00:00,CO,1.6413400618099843
2023-01-21 08:00:00,SO2,29.4528020426438
2023-01-21 09:00:00,PM10,120.0342936221413
2023-01-21 17:00:00,O3,43.12789155474538
2023-01-22 04:00:00,PM2.5,55.851092368966434
2023-01-23 02:00:00,PM10,33.366546903329365
2023-01-23 08:00:00,NO2,12.841947318951497
2023-01-23 18:00:00,SO2,1.5135620869541595
2023-01-23 21:00:00,PM10,110.77838109784709
2023-01-23 22:00:00,NO2,11.510611071650917
2023-01-24 09:00:00,PM10,106.44124525153708
2023-01-24 13:00:00,NO2,39.27697798116974
2023-01-26 19:00:00,CO,0.8084292442958134
2023-01-27 07:00:00,PM10,54.32390341829436
2023-01-27 19:00:00,CO,0.7610247952340843
2023-01-28 09:00:00,NO2,18.224657110882234
2023-01-28 21:00:00,CO,1.5862266935174663
2023-01-29 00:00:00,PM2.5,48.35804587444488
2023-01-29 10:00:00,PM10,50.223390316564355
2023-01-29 19:00:00,CO,1.9239723112060685
2023-01-30 02:00:00,PM10,141.80139906334028
2023-01-30 16:00:00,NO2,39.33543624763229
2023-01-30 18:00:00,PM2.5,18.859667855027865
2023-01-30 22:00:00,PM10,34.05701665528305
2023-01-31 07:00:00,PM10,49.10605421005434
2023-02-01 12:00:00,SO2,9.638743427923878
2023-02-01 19:00:00,SO2,27.790363167843367
2023-02-02 08:00:00,O3,39.86912448320844
2023-02-02 08:00:00,O3,34.74640683087458
2023-02-02 22:00:00,NO2,45.55470703303263
2023-02-03 04:00:00,PM10,86.48483553493713
2023-02-04 16:00:00,CO,1.1110504991838488
2023-02-04 16:00:00,SO2,15.02070075991356
2023-02-04 20:00:00,NO2,35.401674739361496
2023-02-04 22:00:00,NO2,33.335212578440476
2023-02-04 23:00:00,PM2.5,90.57381868644143
2023-02-05 08:00:00,NO2,13.354255781417239
2023-02-05 12:00:00,PM2.5,59.51825848078764
2023-02-05 15:00:00,SO2,13.723876073704934
2023-02-05 19:00:00,SO2,24.3730521929293
2023-02-06 14:00:00,PM10,89.036463317305
2023-02-06 15:00:00,O3,17.238187024901542
2023-02-06 21:00:00,SO2,15.334089041264287
2023-02-06 22:00:00,PM10,100.04929365337448
2023-02-07 06:00:00,O3,22.25253294457842
2023-02-08 02:00:00,PM10,110.81516731190602
2023-02-08 04:00:00,CO,0.48818940331072336
2023-02-08 04:00:00,SO2,20.39111841601002
2023-02-08 04:00:00,SO2,12.417055082173864
2023-02-08 15:00:00,O3,29.14831786643515
2023-02-09 02:00:00,CO,0.6178019738558876
2023-02-09 03:00:00,CO,0.8923929931670593
2023-02-10 05:00:00,SO2,2.9545983959548567
2023-02-10 07:00:00,PM2.5,27.66170615237245
2023-02-10 19:00:00,O3,52.05980957838829
2023-02-11 00:00:00,PM10,90.55004665923066
2023-02-11 16:00:00,O3,66.37105651961213
2023-02-11 20:00:00,CO,1.0002465987276103
2023-02-12 01:00:00,PM10,103.48231873169422
2023-02-12 08:00:00,NO2,32.33602540060067
2023-02-12 12:00:00,PM2.5,84.64412421950512
2023-02-12 17:00:00,O3,59.052599058812284
2023-02-14 00:00:00,NO2,14.470531711535456
2023-02-14 02:00:00,NO2,5.878791212594893
2023-02-15 03:00:00,NO2,13.134255459402482
2023-02-15 05:00:00,PM2.5,35.77296130468589
2023-02-15 17:00:00,CO,1.1882234574521957
2023-02-16 23:00:00,O3,48.55955424867942
2023-02-16 23:00:00,SO2,10.025425235988417
2023-02-17 04:00:00,NO2,33.24493453455092
2023-02-17 07:00:00,PM10,61.87315442153837
2023-02-17 08:00:00,SO2,3.901815920890041
2023-02-17 15:00:00,PM10,21.082013364167498
2023-02-17 15:00:00,PM10,25.789950791614515
2023-02-18 01:00:00,CO,1.6749930264882258
2023-02-18 06:00:00,PM10,88.34435086002806
2023-02-18 16:00:00,SO2,7.389510595231322
2023-02-18 17:00:00,O3,33.101439691479015
2023-02-18 17:00:00,O3,12.070824026669872
2023-02-19 02:00:00,NO2,24.826478992260352
2023-02-19 04:00:00,PM2.5,55.75944958705671
2023-02-19 19:00:00,NO2,8.67825805881105
2023-02-19 21:00:00,PM2.5,87.17040925854752
2023-02-20 11:00:00,NO2,14.910031019688287
2023-02-20 13:00:00,PM10,35.468269784535494
2023-02-20 16:00:00,NO2,8.340758757693358
2023-02-21 13:00:00,O3,10.82062980286427
2023-02-22 18:00:00,PM10,121.29218692321888
2023-02-22 20:00:00,CO,0.15315105476562416
2023-02-23 11:00:00,PM10,32.85494008136995
2023-02-24 17:00:00,CO,0.3219654692859111
2023-02-24 18:00:00,NO2,18.815662195757113
2023-02-25 00:00:00,SO2,15.854797968696905
2023-02-26 02:00:00,O3,51.37080772671462
2023-02-26 13:00:00,PM10,43.39170273058514
2023-02-26 21:00:00,CO,1.4238748123024265
2023-02-26 23:00:00,SO2,21.121310902772816
2023-02-27 06:00:00,O3,66.27554388767904
2023-02-27 11:00:00,PM2.5,71.02549572934143
2023-02-28 07:00:00,NO2,33.595863015774995
2023-02-28 17:00:00,SO2,26.440785845254386
2023-02-28 19:00:00,CO,1.0752891520923
2023-03-01 05:00:00,PM2.5,17.011904483369857
2023-03-01 05:00:00,NO2,7.513801769636399
2023-03-01 14:00:00,PM10,75.80420656706698
2023-03-01 14:00:00,CO,0.36983926589691607
2023-03-01 21:00:00,NO2,12.9808138232243
2023-03-02 02:00:00,O3,30.389870301804184
2023-03-02 12:00:00,SO2,7.751885989575054
2023-03-02 17:00:00,CO,0.27291780723698367
2023-03-03 01:00:00,PM10,103.27375385575608
2023-03-03 14:00:00,PM10,102.95995397652193
2023-03-04 02:00:00,SO2,6.7326623983822085
2023-03-05 15:00:00,O3,58.601406906377335
2023-03-05 23:00:00,PM2.5,78.88082071196104
2023-03-06 03:00:00,PM10,101.64388977726448
2023-03-06 09:00:00,SO2,2.974011741506693
2023-03-06 11:00:00,PM10,114.61450069765684
2023-03-07 04:00:00,PM2.5,49.31468097428211
2023-03-07 05:00:00,SO2,18.956656038609154
2023-03-07 07:00:00,NO2,10.72552769190329
2023-03-07 10:00:00,NO2,34.620658684122574
2023-03-07 13:00:00,SO2,23.993657121944032
2023-03-07 20:00:00,O3,11.383317909934245
2023-03-07 20:00:00,SO2,9.589977060986254
2023-03-07 21:00:00,NO2,19.598071135029073
2023-03-08 02:00:00,NO2,39.300247447766395
2023-03-08 18:00:00,SO2,17.024750616708797
2023-03-08 18:00:00,PM2.5,77.1305671814132
2023-03-09 14:00:00,O3,28.483157668228408
2023-03-09 16:00:00,PM2.5,34.64941337368384
2023-03-09 22:00:00,CO,0.16930155515303336
2023-03-10 05:00:00,NO2,38.86015759572689
2023-03-11 00:00:00,SO2,2.3765960364367316
2023-03-11 16:00:00,SO2,15.331733811192397
2023-03-12 09:00:00,NO2,27.19835822428558
2023-03-12 17:00:00,O3,19.892858920293946
2023-03-12 18:00:00,O3,52.48789872527156
2023-03-13 13:00:00,NO2,16.77588079016402
2023-03-13 15:00:00,O3,11.686579231553456
2023-03-13 15:00:00,NO2,31.951370584097653
2023-03-13 16:00:00,NO2,44.82501466689189
2023-03-14 19:00:00,PM10,108.38956065451924
2023-03-14 20:00:00,SO2,12.683232789678717
2023-03-15 01:00:00,SO2,22.70630337252814
2023-03-15 11:00:00,PM10,146.30039188056833
2023-03-15 16:00:00,NO2,35.6127959907687
2023-03-16 10:00:00,PM10,121.2511489023893
2023-03-16 13:00:00,PM2.5,77.27828646844799
2023-03-17 09:00:00,PM2.5,33.75937443025211
2023-03-17 11:00:00,CO,1.5136622294368016
2023-03-17 14:00:00,NO2,36.770885335032574
2023-03-18 04:00:00,CO,0.2705792915623858
2023-03-18 10:00:00,PM10,26.848359889162943
2023-03-18 14:00:00,NO2,8.138860376403636
2023-03-18 16:00:00,PM2.5,36.613634048342895
2023-03-18 16:00:00,SO2,12.595653053444401
2023-03-18 21:00:00,NO2,23.950745323235985
2023-03-19 08:00:00,NO2,8.223510938264539
2023-03-19 12:00:00,CO,1.6464237327813227
2023-03-19 21:00:00,NO2,16.650886691799045
2023-03-20 00:00:00,NO2,39.63058109274819
2023-03-20 02:00:00,NO2,21.58674683592256
2023-03-20 21:00:00,CO,1.51103002872913
2023-03-21 11:00:00,PM2.5,49.79057181191897
2023-03-22 16:00:00,SO2,6.525013667987683
2023-03-23 05:00:00,PM2.5,46.77365498848326
2023-03-24 02:00:00,CO,1.9456405401201333
2023-03-24 02:00:00,PM10,47.43701781487333
2023-03-24 07:00:00,O3,12.680537265867047
2023-03-24 07:00:00,O3,45.80093906234538
2023-03-24 12:00:00,SO2,18.059547704388113
2023-03-25 00:00:00,O3,33.71783825474298
2023-03-25 01:00:00,PM10,129.39595065015826
2023-03-25 07:00:00,SO2,8.66651994207221
2023-03-25 08:00:00,O3,60.519492311927074
2023-03-25 18:00:00,NO2,20.631694946588887
2023-03-25 20:00:00,SO2,22.997389882593897
2023-03-25 23:00:00,NO2,13.789470801867896
2023-03-26 01:00:00,CO,0.6878035137713345
2023-03-26 02:00:00,O3,10.715139878938466
2023-03-26 06:00:00,NO2,18.725766399314374
2023-03-26 13:00:00,CO,1.590385520485499
2023-03-26 23:00:00,PM2.5,26.00286023106241
2023-03-27 06:00:00,CO,0.35866589380815506
2023-03-27 07:00:00,O3,64.31178158517943
2023-03-27 08:00:00,O3,13.408584728399537
2023-03-29 13:00:00,O3,10.526290440679682
2023-03-29 22:00:00,CO,1.4063458576976418
2023-03-30 01:00:00,CO,1.3423323807625902
2023-03-30 05:00:00,SO2,6.699715692322748
2023-03-30 19:00:00,CO,1.8804431920384508
2023-03-30 22:00:00,PM10,98.46613021068663
2023-03-31 08:00:00,PM2.5,42.89955380466436
2023-03-31 12:00:00,CO,0.7588189829084325
2023-03-31 13:00:00,O3,18.912324644151447
2023-03-31 20:00:00,NO2,18.432613947191548
2023-03-31 22:00:00,SO2,7.376652862833353
2023-04-01 08:00:00,PM10,133.82369611052215
2023-04-01 09:00:00,PM10,30.868317278544858
2023-04-01 21:00:00,PM2.5,33.24562619796381
2023-04-02 06:00:00,PM2.5,39.57385434268289
2023-04-03 03:00:00,CO,0.7054253383817354
2023-04-03 05:00:00,PM10,41.20813602029922
2023-04-03 11:00:00,CO,0.4628053175646888
2023-04-03 18:00:00,CO,1.764731642546247
2023-04-04 09:00:00,PM10,98.94014161236925
2023-04-04 11:00:00,O3,69.88209517392463
2023-04-04 12:00:00,PM10,104.13139101610128
2023-04-05 00:00:00,O3,23.876652349604804
2023-04-05 06:00:00,PM10,37.82377799386187
2023-04-05 09:00:00,CO,1.7657938163744737
2023-04-05 21:00:00,O3,14.268218785931982
2023-04-06 04:00:00,PM2.5,32.6244281371728
2023-04-06 10:00:00,SO2,6.327832319178018
2023-04-06 13:00:00,SO2,15.931442913369025
2023-04-06 16:00:00,PM10,122.9518561506797
2023-04-06 16:00:00,NO2,33.31896062197798
2023-04-07 02:00:00,CO,0.4540696652496219
2023-04-07 05:00:00,PM2.5,52.43676040460709
2023-04-07 08:00:00,SO2,5.4839163535485485
2023-04-07 09:00:00,SO2,25.291768077511477
2023-04-07 22:00:00,PM10,74.23414988616025
2023-04-08 00:00:00,PM10,96.06272181652366
2023-04-08 20:00:00,PM10,81.31042303661415
2023-04-11 07:00:00,SO2,16.33987258977499
2023-04-11 10:00:00,O3,20.383185885958575
2023-04-11 13:00:00,PM10,126.40466577306512
2023-04-12 06:00:00,SO2,27.65447316340511
2023-04-12 11:00:00,PM10,133.70639323284524
2023-04-12 20:00:00,PM10,70.1087814037292
2023-04-12 21:00:00,PM10,133.39526950523606
2023-04-13 01:00:00,NO2,39.68455853201867
2023-04-13 09:00:00,SO2,10.730378127454884
2023-04-13 19:00:00,O3,12.551715996212751
2023-04-14 01:00:00,SO2,13.241052232023469
2023-04-14 02:00:00,O3,23.96198923454726
2023-04-14 02:00:00,CO,0.6542024662118027
2023-04-14 07:00:00,PM10,27.766378424755796
2023-04-14 08:00:00,PM2.5,32.28398477447018
2023-04-14 16:00:00,NO2,6.8123826073250875
2023-04-14 18:00:00,CO,0.6684548540668684
2023-04-14 22:00:00,PM2.5,12.086418115250739
2023-04-16 00:00:00,PM10,65.56360501596085
2023-04-16 07:00:00,NO2,41.82510845375955
2023-04-16 12:00:00,SO2,11.857194668696902
2023-04-17 05:00:00,O3,61.03820848290187
2023-04-17 09:00:00,O3,27.278277831346852
2023-04-17 17:00:00,O3,66.79972744593972
2023-04-17 20:00:00,NO2,8.994292716115552
2023-04-17 21:00:00,NO2,28.976712903571464
2023-04-17 22:00:00,NO2,21.30094728343297
2023-04-18 11:00:00,O3,58.104610228220274
2023-04-18 12:00:00,NO2,6.952341750086778
2023-04-18 21:00:00,SO2,10.373277870104282
2023-04-19 01:00:00,CO,1.1485803781408461
2023-04-19 09:00:00,NO2,29.186810499034532
2023-04-19 11:00:00,NO2,45.97286408085768
2023-04-19 13:00:00,NO2,47.33583213665172
2023-04-19 13:00:00,CO,1.5406105636292746
2023-04-19 20:00:00,PM10,67.42669211255875
2023-04-20 06:00:00,PM2.5,36.34771943017456
2023-04-20 13:00:00,PM10,21.134014519891068
2023-04-20 16:00:00,SO2,2.609730566104479
2023-04-21 08:00:00,O3,50.29678012953668
2023-04-21 09:00:00,PM2.5,28.608886387144267
2023-04-21 15:00:00,PM10,108.05948743953047
2023-04-22 20:00:00,NO2,40.631900260060604
2023-04-22 21:00:00,NO2,6.857686252292632
2023-04-23 10:00:00,NO2,16.313077865424656
2023-04-23 10:00:00,O3,46.24255949733268
2023-04-23 19:00:00,CO,1.8712358676107077
2023-04-24 00:00:00,NO2,32.42638041631427
2023-04-24 06:00:00,O3,57.060655914365384
2023-04-25 01:00:00,O3,11.759384888118003
2023-04-25 13:00:00,O3,12.70583524807775
2023-04-25 17:00:00,NO2,14.288546796357943
2023-04-25 22:00:00,CO,0.44886962913923734
2023-04-25 23:00:00,O3,15.009261171985393
2023-04-26 20:00:00,SO2,8.535713568270246
2023-04-27 06:00:00,PM2.5,33.909056102600005
2023-04-28 03:00:00,NO2,46.06961897403963
2023-04-28 08:00:00,PM2.5,41.14761714814842
2023-04-29 19:00:00,CO,1.3011877885149532
2023-04-30 07:00:00,O3,38.828998148735074
2023-05-01 04:00:00,SO2,28.392589484095623
2023-05-01 04:00:00,SO2,16.585099930732742
2023-05-01 12:00:00,PM10,115.04845088111605
2023-05-01 13:00:00,O3,21.291916089732116
2023-05-01 18:00:00,PM2.5,41.80467305819842
2023-05-01 22:00:00,NO2,44.31481595210945
2023-05-02 05:00:00,CO,0.2854227442144132
2023-05-03 17:00:00,CO,1.7981302645027564
2023-05-03 21:00:00,CO,1.456670054336692
2023-05-04 15:00:00,PM10,38.96073034084671
2023-05-04 20:00:00,SO2,18.99897503125452
2023-05-05 12:00:00,CO,0.5332693226540154
2023-05-05 21:00:00,PM2.5,41.37854484418683
2023-05-05 23:00:00,PM10,39.58087027805027
2023-05-06 00:00:00,NO2,19.450377844383496
2023-05-06 09:00:00,PM2.5,76.78486100464414
2023-05-06 17:00:00,NO2,21.81605641805027
2023-05-06 19:00:00,SO2,1.8545687069602035
2023-05-06 21:00:00,SO2,5.793435546545299
2023-05-08 01:00:00,CO,0.4600158267152913
2023-05-08 04:00:00,NO2,10.34787191652299
2023-05-08 07:00:00,PM2.5,28.30651452246054
2023-05-08 09:00:00,PM10,136.88093184304486
2023-05-08 11:00:00,SO2,28.73822031356722
2023-05-08 17:00:00,PM2.5,73.86547184546194
2023-05-08 18:00:00,PM10,86.87344753213769
2023-05-08 21:00:00,CO,0.6350839880321788
2023-05-08 23:00:00,SO2,21.774890668468732
2023-05-09 12:00:00,O3,39.42363553827249
2023-05-09 13:00:00,NO2,44.65576297418758
2023-05-09 13:00:00,PM2.5,57.94185555496313
2023-05-09 22:00:00,PM10,124.65563341858389
2023-05-09 23:00:00,O3,63.862244420525926
2023-05-10 16:00:00,O3,61.5863047924005
2023-05-10 18:00:00,O3,38.807377634405405
2023-05-11 12:00:00,PM2.5,64.70881077778793
2023-05-11 20:00:00,NO2,43.80764218058285
2023-05-13 23:00:00,PM10,93.3279594505271
2023-05-15 00:00:00,NO2,5.482884048121608
2023-05-15 08:00:00,NO2,33.90586546713993
2023-05-15 22:00:00,CO,1.8860390211689075
2023-05-16 05:00:00,NO2,19.235740558487016
2023-05-16 11:00:00,SO2,25.835072632655532
2023-05-16 23:00:00,PM10,110.55954786573395
2023-05-17 09:00:00,PM10,99.59214473792164
2023-05-17 19:00:00,PM2.5,84.97817643885408
2023-05-18 19:00:00,O3,41.40382829702288
2023-05-18 20:00:00,CO,0.3996732955137282
2023-05-18 22:00:00,PM10,51.08099665094548
2023-05-19 02:00:00,CO,0.8169508243257669
2023-05-19 04:00:00,PM10,69.34767880855856
2023-05-19 06:00:00,O3,22.062621738637013
2023-05-19 13:00:00,PM2.5,64.2369426273298
2023-05-20 08:00:00,PM2.5,48.24269523595006
2023-05-20 12:00:00,PM10,137.14565764854777
2023-05-20 14:00:00,SO2,19.599782191365534
2023-05-21 19:00:00,SO2,7.969207467867528
2023-05-22 15:00:00,PM10,36.48083146658678
2023-05-23 19:00:00,NO2,45.80197348482432
2023-05-23 21:00:00,NO2,30.859806741856605
2023-05-24 06:00:00,CO,0.4496334742898541
2023-05-24 11:00:00,CO,0.40215009772054666
2023-05-24 18:00:00,CO,0.44998803445463365
2023-05-25 00:00:00,O3,63.94878634807355
2023-05-25 08:00:00,NO2,22.338380718981416
2023-05-26 10:00:00,SO2,6.400153339159683
2023-05-26 20:00:00,O3,68.86803330305739
2023-05-26 22:00:00,SO2,4.09191393752079
2023-05-27 00:00:00,O3,19.968542552720557
2023-05-27 12:00:00,PM10,71.51616393425195
2023-05-28 04:00:00,NO2,27.68874205485293
2023-05-28 14:00:00,SO2,18.732742509978685
2023-05-29 09:00:00,O3,11.509481008546308
2023-05-29 18:00:00,NO2,14.768333939776685
2023-05-30 02:00:00,O3,15.820476958131415
2023-05-30 02:00:00,O3,31.058879989583954
2023-05-30 03:00:00,NO2,21.486591809274447
2023-05-30 03:00:00,NO2,46.75102432195667
2023-05-30 04:00:00,NO2,35.42640741442753
2023-05-30 12:00:00,O3,52.901345055998576
2023-05-30 18:00:00,O3,68.35131652262257
2023-05-30 23:00:00,SO2,12.20717045717789
2023-06-01 01:00:00,PM10,21.90017112430052
2023-06-01 18:00:00,SO2,23.388325265557
2023-06-03 19:00:00,O3,45.470634558625385
2023-06-04 05:00:00,O3,24.7325925667231
2023-06-05 00:00:00,SO2,10.862271688856637
2023-06-05 01:00:00,CO,1.9727974125910341
2023-06-05 04:00:00,PM10,142.09558445454527
2023-06-05 10:00:00,O3,32.954672473078475
2023-06-05 10:00:00,CO,1.7806069242829483
2023-06-06 04:00:00,O3,63.35203562205363
2023-06-06 17:00:00,NO2,30.418693684850762
2023-06-07 03:00:00,PM2.5,78.68056049694212
2023-06-07 03:00:00,NO2,45.34795913376431
2023-06-07 07:00:00,PM2.5,34.99404066578554
2023-06-07 13:00:00,PM10,113.77207605408763
2023-06-08 16:00:00,NO2,36.121503683539046
2023-06-08 18:00:00,SO2,5.7147518320613
2023-06-08 20:00:00,NO2,20.704975278950283
2023-06-09 03:00:00,NO2,34.126815526804506
2023-06-09 05:00:00,NO2,40.934879428221244
2023-06-09 06:00:00,PM2.5,12.841635618153408
2023-06-09 07:00:00,PM10,136.63500327056255
2023-06-09 22:00:00,PM10,36.01595648535576
2023-06-10 06:00:00,SO2,22.183899466856392
2023-06-10 07:00:00,O3,25.90903103448866
2023-06-10 18:00:00,CO,0.45258272617472406
2023-06-11 06:00:00,PM10,62.885755991659714
2023-06-11 06:00:00,O3,12.070144469750975
2023-06-11 18:00:00,NO2,18.942169296189906
2023-06-11 19:00:00,PM10,51.208592027995316
2023-06-11 20:00:00,O3,19.25756174388068
2023-06-12 10:00:00,PM10,102.95715593484965
2023-06-12 13:00:00,SO2,6.8589594245550405
2023-06-13 11:00:00,O3,15.778493747629732
2023-06-14 01:00:00,NO2,40.522908625364245
2023-06-14 02:00:00,CO,1.8546198850654247
2023-06-14 15:00:00,O3,62.656662639912376
2023-06-15 04:00:00,PM10,132.27331383428194
2023-06-15 08:00:00,PM2.5,26.398340588210086
2023-06-15 10:00:00,NO2,20.622352985828734
2023-06-15 19:00:00,PM2.5,46.21134580451948
2023-06-16 03:00:00,NO2,9.986167636189055
2023-06-16 16:00:00,PM2.5,53.40101042832518
2023-06-16 17:00:00,SO2,10.70792507734875
2023-06-16 22:00:00,PM2.5,53.668873999044365
2023-06-17 16:00:00,PM2.5,57.906158828834855
2023-06-18 15:00:00,PM2.5,99.61141704887261
2023-06-18 20:00:00,SO2,9.019099151260756
2023-06-19 05:00:00,NO2,27.396313037617382
2023-06-19 07:00:00,PM2.5,92.36980788640172
2023-06-19 19:00:00,SO2,6.342273917084391
2023-06-20 00:00:00,SO2,10.356797053673997
2023-06-20 05:00:00,NO2,29.871802979529903
2023-06-20 06:00:00,NO2,35.0378362684441
2023-06-21 08:00:00,CO,0.9793455839944769
2023-06-21 09:00:00,PM2.5,47.006015809202246
2023-06-22 04:00:00,CO,1.5344402438685618
2023-06-22 04:00:00,PM2.5,40.3729824750236
2023-06-22 07:00:00,CO,1.7685930890740222
2023-06-22 17:00:00,NO2,46.642202664927126
2023-06-23 13:00:00,SO2,16.47973434160003
2023-06-23 18:00:00,O3,52.48695193341115
2023-06-24 00:00:00,NO2,31.41316426049286
2023-06-24 08:00:00,PM10,149.1210685568459
2023-06-24 09:00:00,CO,1.7400672393738457
2023-06-24 10:00:00,CO,0.8162465537839455
2023-06-24 16:00:00,NO2,9.849099750859239
2023-06-24 17:00:00,O3,67.49207259404056
2023-06-25 05:00:00,CO,0.713814493419095
2023-06-25 10:00:00,NO2,33.30746846416297
2023-06-25 17:00:00,PM2.5,35.784206620703614
2023-06-26 08:00:00,CO,0.6516439779814406
2023-06-26 14:00:00,NO2,33.5560784583928
2023-06-26 16:00:00,PM2.5,53.81138018526337
2023-06-26 18:00:00,CO,1.9409287126508046
2023-06-26 19:00:00,NO2,20.4974804518775
2023-06-26 20:00:00,SO2,21.445288851455757
2023-06-26 21:00:00,SO2,24.338886174356706
2023-06-27 06:00:00,O3,53.273965365027124
2023-06-28 08:00:00,PM10,141.08493521441216
2023-06-28 09:00:00,SO2,4.624659065303067
2023-06-28 15:00:00,PM10,36.96937733330482
2023-06-29 05:00:00,CO,1.4688568641640432
2023-06-29 07:00:00,PM2.5,83.36223107575448
2023-06-29 09:00:00,PM2.5,82.45355962663179
2023-06-29 22:00:00,NO2,29.45237534675315
2023-06-30 12:00:00,SO2,8.554445812377793
2023-06-30 17:00:00,O3,40.173325798509154
2023-07-01 14:00:00,CO,0.4141320313698823
2023-07-01 18:00:00,SO2,17.289623948688448
2023-07-02 17:00:00,O3,37.38140977690448
2023-07-03 14:00:00,PM2.5,63.12678593911218
2023-07-03 23:00:00,O3,63.68633093771136
2023-07-04 10:00:00,PM10,73.87373691546091
2023-07-04 14:00:00,CO,1.4446571691859988
2023-07-04 14:00:00,PM10,69.7507442479234
2023-07-04 19:00:00,PM10,136.68192464663605
2023-07-04 21:00:00,PM2.5,51.66253929398825
2023-07-05 00:00:00,PM2.5,51.212803125802814
2023-07-05 06:00:00,PM10,62.88614478503941
2023-07-06 09:00:00,O3,24.261098189644237
2023-07-07 04:00:00,PM10,123.22135096688245
2023-07-07 11:00:00,PM10,57.1225978365989
2023-07-07 14:00:00,O3,53.488664538373136
2023-07-07 22:00:00,SO2,28.85412938126344
2023-07-08 02:00:00,SO2,27.4864714183759
2023-07-08 10:00:00,O3,26.95524067028003
2023-07-08 13:00:00,PM10,135.3772789839907
2023-07-08 22:00:00,NO2,17.626066502038732
2023-07-09 00:00:00,CO,0.8669943195237835
2023-07-09 04:00:00,CO,1.3899420170912433
2023-07-09 05:00:00,SO2,4.842363509488165
2023-07-09 10:00:00,CO,1.7344385822828454
2023-07-09 11:00:00,SO2,18.11658925464578
2023-07-10 04:00:00,SO2,10.845590385044552
2023-07-10 12:00:00,PM10,52.89803457092731
2023-07-10 14:00:00,SO2,10.626468545097882
2023-07-11 23:00:00,NO2,28.47117518486731
2023-07-12 17:00:00,O3,11.886298114442472
2023-07-12 18:00:00,CO,0.2267638173140915
2023-07-13 00:00:00,O3,36.12204319340189
2023-07-13 22:00:00,SO2,1.9545380046186347
2023-07-14 01:00:00,O3,33.796579812243735
2023-07-14 17:00:00,O3,56.46753200811976
2023-07-15 01:00:00,NO2,26.785237587722033
2023-07-15 03:00:00,PM10,52.205178627889495
2023-07-15 20:00:00,NO2,26.26311574959517
2023-07-16 04:00:00,CO,0.6844610724272702
2023-07-18 03:00:00,CO,1.173687244378506
2023-07-18 07:00:00,NO2,47.6804236199151
2023-07-18 20:00:00,SO2,8.574305783504819
2023-07-18 20:00:00,O3,56.7689063350888
2023-07-18 22:00:00,PM2.5,19.84666124163349
2023-07-19 02:00:00,SO2,5.8642294608586845
2023-07-19 06:00:00,SO2,13.026274413592235
2023-07-20 04:00:00,SO2,1.7670637195529522
2023-07-20 11:00:00,O3,67.58266340193467
2023-07-20 12:00:00,NO2,19.011940301781205
2023-07-21 00:00:00,PM2.5,86.06464375442285
2023-07-21 05:00:00,CO,0.17118417398621638
2023-07-21 13:00:00,NO2,5.272219158268086
2023-07-21 21:00:00,O3,54.18012406979123
2023-07-22 07:00:00,PM10,77.16898153529087
2023-07-22 09:00:00,PM2.5,15.212614285099859
2023-07-22 12:00:00,CO,0.31658343700487873
2023-07-22 19:00:00,NO2,22.879790423248757
2023-07-23 06:00:00,PM2.5,67.19706032708598
2023-07-23 16:00:00,PM10,66.72394486898506
2023-07-23 20:00:00,NO2,42.59183440254396
2023-07-24 13:00:00,SO2,23.376210243850647
2023-07-24 15:00:00,CO,0.34775886039103154
2023-07-24 16:00:00,SO2,20.102305363660285
2023-07-25 23:00:00,CO,0.46607861791848515
2023-07-26 20:00:00,SO2,15.261667545726322
2023-07-26 22:00:00,PM10,128.1714576778358
2023-07-27 23:00:00,PM10,57.1312517627074
2023-07-28 05:00:00,CO,0.7695943648726921
2023-07-29 03:00:00,PM10,110.47146978625877
2023-07-29 12:00:00,PM10,138.13837206475193
2023-07-31 07:00:00,CO,1.9258989851662538
2023-07-31 16:00:00,PM10,74.8827995565085
2023-08-01 05:00:00,SO2,3.997695988690051
2023-08-01 06:00:00,NO2,13.45200554922522
2023-08-01 10:00:00,O3,43.0944177461746
2023-08-01 15:00:00,SO2,1.604233858425606
2023-08-02 00:00:00,CO,0.5570782097827953
2023-08-02 00:00:00,SO2,28.117891326091407
2023-08-03 06:00:00,O3,59.55718989498513
2023-08-03 06:00:00,SO2,9.331600568177747
2023-08-03 23:00:00,PM2.5,59.24418260154601
2023-08-04 02:00:00,PM10,137.46921644668984
2023-08-04 18:00:00,CO,1.3018094003569858
2023-08-04 19:00:00,PM10,51.821638999893025
2023-08-04 22:00:00,CO,0.3872982933688415
2023-08-05 06:00:00,PM2.5,12.104298886734028
2023-08-05 11:00:00,CO,0.21814537022802427
2023-08-06 05:00:00,PM10,20.316212831469198
2023-08-06 15:00:00,SO2,11.223736746738302
2023-08-06 19:00:00,O3,11.781831033581733
2023-08-06 23:00:00,CO,1.7801607755708317
2023-08-07 12:00:00,CO,1.278072985168981
2023-08-07 17:00:00,PM2.5,79.20122388869243
2023-08-07 19:00:00,CO,0.9916994834819176
2023-08-07 19:00:00,CO,0.3166715999214315
2023-08-08 07:00:00,NO2,12.253923053715576
2023-08-08 17:00:00,PM10,21.598795820088007
2023-08-09 07:00:00,PM10,21.592543003196916
2023-08-09 14:00:00,NO2,39.83382018379652
2023-08-09 19:00:00,CO,1.2516265606966381
2023-08-09 19:00:00,PM10,75.39760297018876
2023-08-09 19:00:00,PM10,141.38935417649412
2023-08-10 21:00:00,PM10,56.13134126758669
2023-08-11 05:00:00,SO2,10.752615562183562
2023-08-11 15:00:00,O3,14.515321119449814
2023-08-11 19:00:00,PM2.5,22.015273248296776
2023-08-12 01:00:00,SO2,23.763703839573047
2023-08-12 07:00:00,PM10,63.156875555279704
2023-08-12 11:00:00,PM10,143.42887532632784
2023-08-12 13:00:00,SO2,28.579073422996213
2023-08-12 22:00:00,PM2.5,47.9938907895768
2023-08-14 19:00:00,NO2,45.07950495433919
2023-08-15 03:00:00,PM10,108.48810459326991
2023-08-15 07:00:00,NO2,23.040260311720523
2023-08-15 13:00:00,PM10,45.89274318326238
2023-08-15 15:00:00,SO2,24.497071729535882
2023-08-15 18:00:00,NO2,8.923264000375777
2023-08-17 06:00:00,PM10,36.39589445893505
2023-08-18 13:00:00,PM10,105.86901902309836
2023-08-19 02:00:00,SO2,13.684248951361885
2023-08-19 04:00:00,PM10,41.39966267608739
2023-08-19 05:00:00,O3,12.613895477161181
2023-08-19 05:00:00,SO2,21.652511990348827
2023-08-19 08:00:00,SO2,10.355490876413874
2023-08-20 15:00:00,SO2,28.04891894096144
2023-08-20 22:00:00,PM2.5,36.35471699077605
2023-08-21 09:00:00,NO2,6.423181949777844
2023-08-21 16:00:00,PM10,77.77941600655865
2023-08-21 20:00:00,CO,1.834481045864047
2023-08-21 22:00:00,O3,66.96602606869601
2023-08-22 11:00:00,PM10,74.72091048901375
2023-08-22 20:00:00,SO2,6.902671935853198
2023-08-23 02:00:00,SO2,4.03394142110384
2023-08-23 04:00:00,PM2.5,81.93488682698387
2023-08-23 04:00:00,NO2,19.407156553863537
2023-08-23 08:00:00,CO,0.26229114312653795
2023-08-23 16:00:00,O3,56.03320364174722
2023-08-23 17:00:00,SO2,10.283570876006964
2023-08-24 00:00:00,CO,0.6106011212475952
2023-08-24 00:00:00,CO,1.716265004016354
2023-08-24 08:00:00,CO,0.7023468978597164
2023-08-24 09:00:00,SO2,13.046546150726293
2023-08-24 12:00:00,NO2,13.473597600050743
2023-08-24 13:00:00,PM2.5,97.53296111023775
2023-08-24 13:00:00,SO2,20.893199417581723
2023-08-24 20:00:00,PM10,46.07653778435183
2023-08-26 02:00:00,PM10,131.11188578938382
2023-08-26 07:00:00,PM10,107.55711852979775
2023-08-26 15:00:00,O3,60.6408994956069
2023-08-26 20:00:00,NO2,17.976559558157817
2023-08-27 00:00:00,CO,1.0691392322822209
2023-08-27 16:00:00,PM2.5,44.32516428770654
2023-08-27 17:00:00,SO2,18.169484988912856
2023-08-28 11:00:00,NO2,14.077284312208139
2023-08-28 22:00:00,NO2,20.75890279495277
2023-08-28 22:00:00,PM10,138.75101062012493
2023-08-29 06:00:00,NO2,29.244366882745172
2023-08-29 10:00:00,PM10,20.872669603082656
2023-08-29 12:00:00,SO2,16.78867295214188
2023-08-29 17:00:00,CO,1.7971283866441563
2023-08-29 18:00:00,NO2,9.53143817437693
2023-08-29 22:00:00,PM2.5,91.9548763185661
2023-08-30 05:00:00,NO2,35.14702253099148
2023-08-31 02:00:00,PM10,83.66996618417238
2023-08-31 03:00:00,PM2.5,16.09955815763235
2023-08-31 07:00:00,SO2,20.329073449874
2023-08-31 11:00:00,O3,46.0690637458885
2023-08-31 13:00:00,CO,0.6837503076047233
2023-09-01 01:00:00,O3,65.61089269074989
2023-09-01 04:00:00,SO2,23.977461544036554
2023-09-01 07:00:00,O3,68.29544428508734
2023-09-01 10:00:00,O3,45.589580132722865
2023-09-01 15:00:00,O3,35.24388189596479
2023-09-01 16:00:00,SO2,22.909956087591265
2023-09-02 02:00:00,PM10,85.26244060602902
2023-09-03 01:00:00,PM2.5,76.7903132059455
2023-09-03 18:00:00,O3,20.62705536110942
2023-09-04 00:00:00,PM10,28.912737565116963
2023-09-04 03:00:00,O3,40.426279980163834
2023-09-04 07:00:00,CO,0.6524722858207523
2023-09-04 08:00:00,NO2,23.7010339832795
2023-09-04 13:00:00,SO2,22.795863124511328
2023-09-05 06:00:00,CO,1.9817224273555463
2023-09-05 08:00:00,SO2,1.178731049898019
2023-09-05 09:00:00,PM10,59.68202966616208
2023-09-05 20:00:00,SO2,20.225349953051804
2023-09-05 21:00:00,O3,19.604481157885857
2023-09-06 10:00:00,CO,1.139941002279963
2023-09-06 17:00:00,CO,0.7761863075423072
2023-09-06 20:00:00,O3,65.03364859803725
2023-09-07 02:00:00,NO2,25.79039385599892
2023-09-07 08:00:00,NO2,45.90449135238035
2023-09-07 12:00:00,PM2.5,57.78977560237426
2023-09-08 09:00:00,O3,69.75644279988344
2023-09-10 06:00:00,O3,34.6527336890783
2023-09-10 08:00:00,CO,1.4997889406583995
2023-09-10 17:00:00,CO,1.4513787861928005
2023-09-11 02:00:00,SO2,7.141721675232528
2023-09-11 09:00:00,PM2.5,83.38434744679637
2023-09-11 10:00:00,NO2,8.972816302901846
2023-09-11 20:00:00,PM2.5,93.70826194848652
2023-09-12 03:00:00,NO2,16.89682037262932
2023-09-12 03:00:00,O3,56.1318668502457
2023-09-12 15:00:00,PM10,89.49240959936866
2023-09-12 17:00:00,PM10,120.84551349099284
2023-09-12 18:00:00,CO,0.5437729619707024
2023-09-13 11:00:00,PM2.5,40.71244336085753
2023-09-13 12:00:00,NO2,25.57257519135164
2023-09-13 18:00:00,PM10,103.46328671110037
2023-09-13 18:00:00,SO2,13.193008164751378
2023-09-13 20:00:00,NO2,23.957333576950354
2023-09-13 22:00:00,PM10,51.163437776594954
2023-09-14 01:00:00,O3,11.95623229637404
2023-09-15 01:00:00,NO2,19.659204822803765
2023-09-15 03:00:00,PM10,115.96028853607409
2023-09-16 01:00:00,PM2.5,34.843471932930136
2023-09-16 02:00:00,PM2.5,76.20742846858178
2023-09-16 08:00:00,PM10,86.73853525737069
2023-09-16 15:00:00,SO2,23.325934613808272
2023-09-17 00:00:00,PM10,99.74565973193003
2023-09-17 20:00:00,SO2,24.433364295308888
2023-09-18 08:00:00,PM2.5,14.543740913257652
2023-09-18 21:00:00,NO2,30.569780270464452
2023-09-18 21:00:00,NO2,25.834181759869622
2023-09-19 23:00:00,NO2,18.537229637618655
2023-09-20 00:00:00,SO2,1.897799291973837
2023-09-20 06:00:00,PM10,26.086721053755376
2023-09-20 06:00:00,CO,1.6523388706621436
2023-09-20 22:00:00,PM10,77.78179325427718
2023-09-21 19:00:00,PM10,100.62962144951591
2023-09-21 22:00:00,CO,1.0200357216927707
2023-09-22 01:00:00,PM2.5,13.136354162380144
2023-09-22 08:00:00,O3,51.76505696594182
2023-09-23 04:00:00,PM2.5,97.34435624662324
2023-09-23 07:00:00,PM10,68.11150685203415
2023-09-24 14:00:00,NO2,35.22817811488708
2023-09-25 15:00:00,PM2.5,34.235129645631076
2023-09-26 14:00:00,CO,0.626591552082013
2023-09-27 05:00:00,PM10,91.07112801714581
2023-09-28 05:00:00,CO,0.49580075652035327
2023-09-29 03:00:00,CO,1.5338261270794484
2023-10-01 20:00:00,PM10,92.85715081204131
2023-10-02 09:00:00,PM2.5,45.19256624982937
2023-10-03 09:00:00,PM2.5,70.95347044943068
2023-10-03 12:00:00,PM10,29.074706233217725
2023-10-03 14:00:00,PM10,141.03813263458892
2023-10-03 18:00:00,PM2.5,86.85909370350922
2023-10-04 04:00:00,PM2.5,79.473676456747
2023-10-05 03:00:00,CO,1.4583679560673253
2023-10-05 05:00:00,CO,0.8087108924773476
2023-10-06 10:00:00,O3,34.537713289045506
2023-10-06 14:00:00,PM10,75.95755086771962
2023-10-06 16:00:00,PM10,52.859808017896256
2023-10-07 08:00:00,PM2.5,99.40025533787932
2023-10-07 10:00:00,NO2,49.220136203957296
2023-10-07 20:00:00,SO2,17.24427852384474
2023-10-08 16:00:00,NO2,38.69961632777961
2023-10-09 00:00:00,NO2,41.52995947480259
2023-10-09 00:00:00,NO2,19.36765170271859
2023-10-09 02:00:00,SO2,9.485611583864788
2023-10-09 21:00:00,PM2.5,55.66051008362852
2023-10-09 22:00:00,NO2,28.921235659961155
2023-10-10 05:00:00,O3,32.179202273291864
2023-10-10 10:00:00,NO2,37.15394617217295
2023-10-11 11:00:00,PM10,46.92768153100439
2023-10-11 13:00:00,CO,1.6462745700932444
2023-10-12 08:00:00,CO,0.11729460820000558
2023-10-12 14:00:00,CO,1.3506875385806714
2023-10-12 18:00:00,PM2.5,86.95241760751249
2023-10-13 04:00:00,SO2,4.4022217346556225
2023-10-13 07:00:00,CO,1.7673387456428484
2023-10-13 13:00:00,PM2.5,27.704503106473595
2023-10-13 14:00:00,SO2,25.253558659399047
2023-10-13 23:00:00,CO,1.9518799635190505
2023-10-14 02:00:00,PM2.5,77.48508525902777
2023-10-14 13:00:00,PM10,43.45947736035493
2023-10-14 14:00:00,PM2.5,18.700332608284214
2023-10-15 01:00:00,CO,0.42961309942543735
2023-10-16 07:00:00,O3,21.1460451465581
2023-10-16 08:00:00,PM10,90.69177049636289
2023-10-16 14:00:00,PM10,129.38864600754107
2023-10-17 04:00:00,NO2,47.377194144687294
2023-10-18 04:00:00,PM10,73.60556077019751
2023-10-18 10:00:00,PM2.5,27.081952282884977
2023-10-18 21:00:00,CO,0.5991821453985152
2023-10-18 22:00:00,O3,38.258438400954965
2023-10-19 11:00:00,NO2,5.254825272225503
2023-10-19 15:00:00,SO2,9.688835887243044
2023-10-19 16:00:00,PM2.5,76.81502176848305
2023-10-20 09:00:00,NO2,37.17104053710792
2023-10-20 19:00:00,SO2,7.356781424923069
2023-10-21 08:00:00,PM10,60.17056052197752
2023-10-22 11:00:00,PM2.5,92.28958012142968
2023-10-23 01:00:00,O3,40.009980295669834
2023-10-23 02:00:00,PM10,45.62228891114104
2023-10-23 06:00:00,SO2,10.45619239286639
2023-10-23 08:00:00,PM10,138.62859692521002
2023-10-23 19:00:00,PM2.5,93.03103463935429
2023-10-24 06:00:00,SO2,29.778453197028576
2023-10-24 07:00:00,PM10,108.01246270948224
2023-10-24 13:00:00,PM10,115.0618618240952
2023-10-24 18:00:00,NO2,47.31545902282467
2023-10-25 05:00:00,PM2.5,47.2842444582151
2023-10-26 07:00:00,PM10,124.93488363619122
2023-10-27 02:00:00,SO2,2.137289052313502
2023-10-27 11:00:00,CO,1.8929220334388683
2023-10-27 12:00:00,SO2,27.95010679975857
2023-10-27 15:00:00,PM2.5,48.90581383014851
2023-10-27 23:00:00,CO,1.5373534711992043
2023-10-28 11:00:00,PM2.5,69.31884820877247
2023-10-29 12:00:00,SO2,13.31902924694454
2023-10-29 21:00:00,NO2,48.8414860726708
2023-10-30 02:00:00,O3,35.24572598506947
2023-10-30 21:00:00,NO2,9.428632935157607
2023-10-31 00:00:00,SO2,29.55770969021316
2023-10-31 13:00:00,NO2,27.317478393775843
2023-11-01 10:00:00,PM10,94.07725851708838
2023-11-01 12:00:00,SO2,26.021178486948656
2023-11-01 12:00:00,PM10,93.15969876693097
2023-11-01 14:00:00,CO,0.7630967639584201
2023-11-01 19:00:00,NO2,21.29076124413209
2023-11-01 22:00:00,SO2,10.217089943282247
2023-11-02 07:00:00,PM2.5,18.20625187845304
2023-11-02 13:00:00,CO,1.9183971806925213
2023-11-02 17:00:00,PM10,138.6715688204943
2023-11-03 04:00:00,O3,33.210569773624286
2023-11-03 14:00:00,CO,1.2512918004484916
2023-11-03 22:00:00,NO2,19.804395688696452
2023-11-04 05:00:00,NO2,46.53555830681196
2023-11-04 22:00:00,PM10,90.08298079273605
2023-11-04 22:00:00,SO2,27.907572276903114
2023-11-04 22:00:00,NO2,45.49779151304758
2023-11-05 07:00:00,PM2.5,95.71894598710067
2023-11-05 09:00:00,PM10,149.86341580379704
2023-11-05 10:00:00,PM2.5,22.343732381451503
2023-11-05 23:00:00,SO2,19.147314704979568
2023-11-06 07:00:00,PM2.5,38.66297414249708
2023-11-06 15:00:00,CO,1.9438694405257773
2023-11-06 22:00:00,SO2,25.69133023278538
2023-11-07 08:00:00,PM10,25.26397017451319
2023-11-07 17:00:00,O3,33.669320181863455
2023-11-07 23:00:00,PM2.5,24.877427825300227
2023-11-07 23:00:00,O3,11.50805699403338
2023-11-08 01:00:00,SO2,8.900097903891314
2023-11-08 03:00:00,PM10,118.59199302669182
2023-11-08 08:00:00,CO,1.419384303069884
2023-11-08 16:00:00,O3,26.640129307323342
2023-11-09 13:00:00,NO2,49.077749659280244
2023-11-09 14:00:00,NO2,11.769416174231118
2023-11-09 16:00:00,NO2,32.13704394927567
2023-11-10 15:00:00,PM2.5,37.52658750524624
2023-11-11 01:00:00,NO2,17.88603378021629
2023-11-11 11:00:00,O3,30.325644021052312
2023-11-11 11:00:00,PM10,135.68877441601722
2023-11-11 18:00:00,PM2.5,80.97445118063386
2023-11-12 00:00:00,CO,1.976664762055874
2023-11-12 01:00:00,SO2,8.65825732754367
2023-11-12 01:00:00,O3,38.84624334523514
2023-11-12 09:00:00,SO2,10.172389163416776
2023-11-12 14:00:00,PM2.5,12.003258038589749
2023-11-13 09:00:00,CO,0.9149865978872781
2023-11-13 17:00:00,CO,1.7335755471288896
2023-11-13 23:00:00,SO2,28.92922126665594
2023-11-14 04:00:00,CO,0.18205882324950434
2023-11-14 04:00:00,PM10,107.02491434442241
2023-11-14 09:00:00,NO2,35.81409417735382
2023-11-14 13:00:00,O3,47.40105768406986
2023-11-15 09:00:00,PM2.5,71.98160000844888
2023-11-15 14:00:00,O3,33.3906742639911
2023-11-15 16:00:00,CO,1.1809105866758853
2023-11-15 21:00:00,PM2.5,45.6834694150038
2023-11-16 19:00:00,PM2.5,88.11507666258525
2023-11-17 10:00:00,SO2,9.09866272828269
2023-11-18 04:00:00,PM10,82.37556744731098
2023-11-18 04:00:00,PM10,45.86195513834994
2023-11-18 05:00:00,SO2,22.140676900690828
2023-11-18 13:00:00,SO2,28.172621728522497
2023-11-20 10:00:00,O3,26.79913930200572
2023-11-20 22:00:00,NO2,10.718804254955852
2023-11-21 16:00:00,NO2,37.592137733611246
2023-11-22 02:00:00,O3,20.26352274299324
2023-11-22 07:00:00,NO2,35.18020894955259
2023-11-23 01:00:00,SO2,20.52963806205931
2023-11-23 16:00:00,O3,47.36372104701218
2023-11-23 20:00:00,PM2.5,56.84285586488742
2023-11-24 05:00:00,CO,1.2437918184896386
2023-11-24 10:00:00,PM2.5,65.47780121417793
2023-11-24 15:00:00,PM10,97.04054205283114
2023-11-25 05:00:00,PM10,26.721335819784045
2023-11-25 08:00:00,NO2,46.48867920525874
2023-11-25 10:00:00,PM2.5,22.361854308041252
2023-11-25 18:00:00,SO2,9.095907177187607
2023-11-25 19:00:00,NO2,47.374244493795324
2023-11-25 20:00:00,CO,0.10418699934762989
2023-11-25 23:00:00,PM2.5,97.89875980777903
2023-11-26 00:00:00,PM10,126.08888656676575
2023-11-26 02:00:00,NO2,7.002425719193119
2023-11-26 14:00:00,O3,45.48513011330612
2023-11-26 16:00:00,O3,44.25542324550524
2023-11-27 08:00:00,PM10,88.49105151899585
2023-11-27 10:00:00,O3,47.752065387875874
2023-11-27 14:00:00,PM2.5,75.13846108349948
2023-11-28 00:00:00,SO2,17.91840751487976
2023-11-28 15:00:00,CO,0.6756282848469284
2023-11-29 10:00:00,NO2,14.740294785846803
2023-11-29 21:00:00,PM10,76.98740997748132
2023-11-30 09:00:00,SO2,10.57418615500772
2023-11-30 09:00:00,NO2,43.78902242869043
2023-11-30 13:00:00,CO,0.746092356342438
2023-11-30 18:00:00,PM10,42.417084156720755
2023-12-01 03:00:00,PM2.5,87.2204153050075
2023-12-01 08:00:00,PM10,84.90563529856075
2023-12-01 15:00:00,PM10,90.25486294928766
2023-12-01 17:00:00,PM10,71.06529859161347
2023-12-02 04:00:00,CO,1.078333968107445
2023-12-02 07:00:00,PM10,80.70432149839537
2023-12-02 07:00:00,CO,1.5577478435928898
2023-12-02 11:00:00,SO2,7.919276706264534
2023-12-02 12:00:00,NO2,41.63631106458151
2023-12-02 19:00:00,NO2,25.79024776331856
2023-12-03 05:00:00,PM2.5,39.2919167423091
2023-12-03 08:00:00,SO2,1.3408642741460128
2023-12-04 00:00:00,CO,1.7146459045901519
2023-12-04 13:00:00,SO2,18.822882357111666
2023-12-05 02:00:00,CO,0.4108271814232074
2023-12-05 09:00:00,PM10,69.09326096267421
2023-12-05 13:00:00,O3,15.266460061201009
2023-12-06 01:00:00,CO,0.9501995450565556
2023-12-06 09:00:00,PM2.5,51.97445130484126
2023-12-06 09:00:00,PM2.5,24.040482101017012
2023-12-06 12:00:00,SO2,2.640320764663257
2023-12-06 12:00:00,O3,43.061844805904165
2023-12-06 13:00:00,O3,25.79865621637464
2023-12-06 14:00:00,O3,48.67511430523589
2023-12-06 21:00:00,PM10,121.5027460443373
2023-12-07 18:00:00,NO2,42.18737213199507
2023-12-10 10:00:00,PM10,105.76888198646151
2023-12-10 19:00:00,CO,0.47221708227025794
2023-12-11 03:00:00,PM2.5,79.18834596411385
2023-12-11 12:00:00,SO2,18.7424401079824
2023-12-12 20:00:00,PM10,126.92700531784303
2023-12-13 09:00:00,CO,0.7898209528949584
2023-12-13 09:00:00,O3,33.45512295678354
2023-12-13 20:00:00,SO2,21.346630366515438
2023-12-13 20:00:00,NO2,32.78946235635231
2023-12-14 07:00:00,NO2,29.924673091005616
2023-12-14 08:00:00,CO,1.715907751016855
2023-12-14 12:00:00,PM2.5,37.669156111657045
2023-12-14 15:00:00,O3,52.69214195656848
2023-12-15 02:00:00,NO2,28.989615027391366
2023-12-15 07:00:00,NO2,15.737578416943668
2023-12-15 12:00:00,CO,1.9825968716586617
2023-12-15 23:00:00,CO,0.37118486970014586
2023-12-16 03:00:00,PM10,115.97880331900151
2023-12-16 18:00:00,PM2.5,86.57441367362291
2023-12-16 18:00:00,O3,65.5409135645254
2023-12-17 08:00:00,NO2,12.170256956536448
2023-12-17 19:00:00,NO2,18.999620121820755
2023-12-18 21:00:00,O3,52.623689120323036
2023-12-19 20:00:00,SO2,27.142228277999724
2023-12-20 07:00:00,PM2.5,10.396588365337067
2023-12-20 12:00:00,NO2,26.851138733524827
2023-12-20 12:00:00,CO,0.8202430200020109
2023-12-20 12:00:00,PM10,42.80368661132886
2023-12-20 19:00:00,O3,68.20180706622082
2023-12-21 02:00:00,SO2,27.754377058956038
2023-12-21 06:00:00,CO,1.8905526499952723
2023-12-21 07:00:00,PM2.5,37.86564998039383
2023-12-21 11:00:00,CO,0.2081455788121646
2023-12-21 23:00:00,PM10,31.425285478544545
2023-12-22 05:00:00,SO2,5.284633767434103
2023-12-23 15:00:00,NO2,44.31345615310455
2023-12-24 00:00:00,NO2,6.209133002510926
2023-12-24 08:00:00,PM2.5,95.13480961696887
2023-12-25 01:00:00,SO2,1.977496370469218
2023-12-25 02:00:00,CO,0.4053065991879985
2023-12-25 20:00:00,NO2,28.22420080883098
2023-12-25 21:00:00,O3,41.79993422314105
2023-12-26 08:00:00,CO,0.3089208310570789
2023-12-26 14:00:00,NO2,28.31125572219583
2023-12-26 15:00:00,NO2,9.406339299485296
2023-12-26 19:00:00,PM2.5,85.19095444026017
2023-12-28 02:00:00,NO2,15.348112636122025
2023-12-28 03:00:00,NO2,29.388850832769414
2023-12-28 12:00:00,PM2.5,59.33363214184464
2023-12-28 13:00:00,O3,36.01521028778764
2023-12-28 18:00:00,PM10,131.39925881858272
2023-12-28 22:00:00,PM10,91.23701146049302
2023-12-29 10:00:00,SO2,24.66202295501826
2023-12-30 13:00:00,CO,1.592468485824962
2023-12-30 16:00:00,SO2,7.974613769496122
2023-12-30 20:00:00,PM10,148.35276386249112
